"package","version"
"abind","1.4.5"
"AnnoProbe","0.1.7"
"annotate","1.78.0"
"AnnotationDbi","1.62.2"
"AnnotationFilter","1.24.0"
"aod","1.3.3"
"ape","5.7.1"
"aplot","0.2.2"
"argparse","2.2.2"
"backports","1.4.1"
"BART","2.9.9"
"base","4.3.1"
"base64enc","0.1.3"
"bayesm","3.1.6"
"BBmisc","1.13"
"beachmat","2.16.0"
"beeswarm","0.4.0"
"Biobase","2.60.0"
"BiocFileCache","2.8.0"
"BiocGenerics","0.48.0"
"BiocIO","1.10.0"
"BiocManager","1.30.22"
"BiocNeighbors","1.18.0"
"BiocParallel","1.34.2"
"BiocSingular","1.16.0"
"biomaRt","2.56.1"
"Biostrings","2.68.1"
"biovizBase","1.50.0"
"bipartite","2.20"
"bit","4.0.5"
"bit64","4.0.5"
"bitops","1.0.7"
"blme","1.0.6"
"blob","1.2.4"
"bluster","1.10.0"
"boot","1.3.28.1"
"bootstrap","2019.6"
"Boruta","8.0.0"
"brio","1.1.4"
"broom","1.0.5"
"BSgenome","1.70.1"
"BSgenome.Hsapiens.UCSC.hg19","1.4.3"
"BSgenome.Hsapiens.UCSC.hg38","1.4.5"
"cachem","1.0.8"
"car","3.1.2"
"carData","3.0.5"
"caret","6.0.94"
"caTools","1.18.2"
"cellranger","1.1.0"
"checkmate","2.3.1"
"ChIPseeker","1.36.0"
"chromVAR","1.22.1"
"chromVARmotifs","0.2.0"
"cicero","1.3.9"
"circlize","0.4.15"
"Ckmeans.1d.dp","4.3.5"
"class","7.3.22"
"cli","3.6.1"
"clue","0.3.65"
"cluster","2.1.6"
"ClusterGVis","0.1.1"
"clustree","0.5.1"
"CNEr","1.38.0"
"coda","0.19.4"
"codetools","0.2.19"
"coin","1.4.3"
"colorspace","2.1.0"
"combinat","0.0.8"
"compareC","1.3.2"
"compiler","4.3.1"
"ComplexHeatmap","2.16.0"
"compositions","2.0.8"
"CompQuadForm","1.4.3"
"corpcor","1.6.10"
"cowplot","1.1.1"
"crayon","1.5.2"
"curl","5.1.0"
"data.table","1.14.10"
"data.tree","1.1.0"
"datasets","4.3.1"
"DBI","1.1.3"
"dbplyr","2.4.0"
"DDRTree","0.1.5"
"DelayedArray","0.26.7"
"DelayedMatrixStats","1.22.6"
"deldir","2.0.2"
"DEoptimR","1.1.3"
"desc","1.4.3"
"DESeq2","1.42.1"
"devtools","2.4.5"
"DiagrammeR","1.0.11"
"DiceKriging","1.6.0"
"dichromat","2.0.0.1"
"digest","0.6.33"
"DirichletMultinomial","1.44.0"
"docopt","0.7.1"
"doParallel","1.0.17"
"DOSE","3.26.2"
"dotCall64","1.1.1"
"dplyr","1.1.3"
"dqrng","0.3.2"
"DT","0.31"
"e1071","1.7.14"
"edgeR","3.42.4"
"ellipse","0.5.0"
"ellipsis","0.3.2"
"emmeans","1.9.0"
"emoa","0.5.3"
"enrichplot","1.20.3"
"ensembldb","2.26.0"
"EnvStats","3.1.0"
"estimability","1.4.1"
"evaluate","0.23"
"factoextra","1.0.7"
"fANCOVA","0.6.1"
"fansi","1.0.5"
"farver","2.1.1"
"fastcluster","1.2.3"
"fastDummies","1.7.3"
"fastICA","1.2.4"
"fastmap","1.1.1"
"fastmatch","1.1.4"
"fdrtool","1.2.18"
"fgsea","1.26.0"
"fields","15.2"
"filelock","1.0.3"
"fitdistrplus","1.1.11"
"forcats","1.0.0"
"foreach","1.5.2"
"foreign","0.8.86"
"forestploter","1.1.2"
"formatR","1.14"
"Formula","1.2.5"
"fs","1.6.3"
"futile.logger","1.4.3"
"futile.options","1.0.1"
"future","1.34.0"
"future.apply","1.11.0"
"gbm","2.2.2"
"genefilter","1.82.1"
"generics","0.1.3"
"GenomeInfoDb","1.36.4"
"GenomeInfoDbData","1.2.10"
"GenomicAlignments","1.38.2"
"GenomicFeatures","1.54.1"
"GenomicRanges","1.52.1"
"GetoptLong","1.0.5"
"ggbeeswarm","0.7.2"
"ggbreak","0.1.2"
"ggforce","0.4.1"
"ggfun","0.1.3"
"ggnewscale","0.4.9"
"ggplot2","3.5.0"
"ggplotify","0.1.2"
"ggpubr","0.6.0"
"ggraph","2.1.0"
"ggrepel","0.9.4"
"ggridges","0.5.6.9000"
"ggsci","3.0.0"
"ggseqlogo","0.2"
"ggsignif","0.6.4"
"ggtree","3.9.1"
"glmmTMB","1.1.11"
"glmnet","4.1.8"
"GlobalOptions","0.1.2"
"globals","0.16.2"
"glue","1.6.2"
"GO.db","3.17.0"
"goftest","1.2.3"
"GOSemSim","2.26.1"
"gower","1.0.1"
"gplots","3.1.3"
"graphics","4.3.1"
"graphlayouts","1.0.2"
"grDevices","4.3.1"
"grid","4.3.1"
"gridExtra","2.3"
"gridGraphics","0.5.1"
"gsignal","0.3.7"
"gtable","0.3.4"
"gtools","3.9.5"
"Gviz","1.47.1"
"hardhat","1.3.1"
"HDO.db","0.99.1"
"HiddenMarkov","1.8.13"
"Hmisc","5.1.1"
"hms","1.1.3"
"HSMMSingleCell","1.20.0"
"htmlTable","2.4.2"
"htmltools","0.5.7"
"htmlwidgets","1.6.4"
"httpuv","1.6.11"
"httr","1.4.7"
"ica","1.0.3"
"igraph","1.6.0"
"infercnv","1.16.0"
"interp","1.1.6"
"ipred","0.9.14"
"IRanges","2.34.1"
"irlba","2.3.5.1"
"iterators","1.0.14"
"JASPAR2020","0.99.10"
"jpeg","0.1.10"
"jsonlite","1.8.8"
"KEGGREST","1.40.1"
"kernlab","0.9.32"
"KernSmooth","2.23.22"
"kknn","1.3.1"
"knitr","1.45"
"lambda.r","1.2.4"
"lars","1.3"
"later","1.3.1"
"lattice","0.22.5"
"latticeExtra","0.6.30"
"lava","1.8.0"
"lazyeval","0.2.2"
"leiden","0.4.3.1"
"leidenbase","0.1.27"
"lhs","1.2.0"
"libcoin","1.0.10"
"lifecycle","1.0.4"
"limma","3.56.2"
"listenv","0.9.0"
"lme4","1.1.35.1"
"lmerTest","3.1.3"
"lmtest","0.9.40"
"locfdr","1.1.8"
"locfit","1.5.9.8"
"lubridate","1.9.3"
"magrittr","2.0.3"
"maps","3.4.1.1"
"MASS","7.3.60"
"mathjaxr","1.6.0"
"Matrix","1.6.5"
"MatrixGenerics","1.12.3"
"MatrixModels","0.5.3"
"matrixStats","1.2.0"
"memoise","2.0.1"
"meta","7.0.0"
"metadat","1.2.0"
"metafor","4.6.0"
"metapod","1.8.0"
"methods","4.3.1"
"mgcv","1.9.0"
"mime","0.12"
"Mime1","0.0.0.9000"
"miniUI","0.1.1.1"
"minqa","1.2.6"
"miscTools","0.6.28"
"mixOmics","6.29.1"
"mixtools","2.0.0"
"mlr","2.19.2"
"mlrMBO","1.1.5.1"
"ModelMetrics","1.2.2.2"
"modeltools","0.2.23"
"monocle","2.28.0"
"monocle3","1.3.4"
"multcomp","1.4.25"
"multinichenetr","2.1.0"
"munsell","0.5.0"
"muscat","1.16.0"
"mvtnorm","1.2.4"
"network","1.18.2"
"nichenetr","2.2.0"
"nlme","3.1.164"
"nloptr","2.0.3"
"nnet","7.3.19"
"numDeriv","2016.8.1.1"
"openxlsx","4.2.5.2"
"org.Hs.eg.db","3.17.0"
"org.Mm.eg.db","3.17.0"
"parallel","4.3.1"
"parallelDist","0.2.6"
"parallelly","1.38.0"
"parallelMap","1.5.1"
"ParamHelpers","1.14.2"
"patchwork","1.2.0.9000"
"pbapply","1.7.2"
"pbkrtest","0.5.2"
"permute","0.9.7"
"pheatmap","1.0.12"
"phyclust","0.1.34"
"pillar","1.9.0"
"pkgbuild","1.4.3"
"pkgconfig","2.0.3"
"pkgload","1.3.3"
"plotly","4.10.3"
"plotrix","3.8.4"
"pls","2.8.5"
"plsRcox","1.8.0"
"plsRglm","1.5.1"
"plyr","1.8.9"
"png","0.1.8"
"polspline","1.1.24"
"polyclip","1.10.6"
"poweRlaw","0.80.0"
"pracma","2.4.4"
"presto","1.0.0"
"prettyunits","1.2.0"
"pROC","1.18.5"
"prodlim","2023.8.28"
"profvis","0.3.8"
"progress","1.2.3"
"progressr","0.14.0"
"promises","1.2.1"
"ProtGenerics","1.32.0"
"proxy","0.4.27"
"purrr","1.0.2"
"qlcMatrix","0.9.7"
"quantreg","5.97"
"qvalue","2.32.0"
"R.methodsS3","1.8.2"
"R.oo","1.25.0"
"R.utils","2.12.3"
"R6","2.5.1"
"randomForest","4.7.1.2"
"randomForestSRC","3.3.1"
"RANN","2.6.1"
"rappdirs","0.3.3"
"rARPACK","0.11.0"
"rbibutils","2.2.16"
"RColorBrewer","1.1.3"
"Rcpp","1.0.11"
"RcppAnnoy","0.0.21"
"RcppHNSW","0.5.0"
"RcppParallel","5.1.7"
"RcppRoll","0.3.0"
"RCurl","1.98.1.13"
"Rdpack","2.6"
"readr","2.1.4"
"readxl","1.4.3"
"recipes","1.0.10"
"reformulas","0.4.0"
"remaCor","0.0.18"
"remotes","2.4.2.1"
"reshape2","1.4.4"
"restfulr","0.0.15"
"reticulate","1.34.0"
"rgl","1.3.1"
"rGREAT","2.2.0"
"RhpcBLASctl","0.23.42"
"risksetROC","1.0.4.1"
"rjson","0.2.21"
"rlang","1.1.5"
"rmarkdown","2.25"
"rmeta","3.0"
"rms","6.7.1"
"robustbase","0.99.1"
"ROCit","2.1.2"
"ROCR","1.0.11"
"rpart","4.1.23"
"rprojroot","2.0.4"
"Rsamtools","2.16.0"
"RSpectra","0.16.1"
"RSQLite","2.3.4"
"rstatix","0.7.2"
"rstudioapi","0.15.0"
"rsvd","1.0.5"
"rtracklayer","1.62.0"
"Rtsne","0.17"
"S4Arrays","1.0.6"
"S4Vectors","0.38.2"
"sandwich","3.1.0"
"ScaledMatrix","1.8.1"
"scales","1.3.0"
"scater","1.30.1"
"scattermore","1.2"
"scatterpie","0.2.1"
"scran","1.28.2"
"sctransform","0.4.1"
"scuttle","1.10.3"
"segmented","2.0.0"
"seqLogo","1.68.0"
"sessioninfo","1.2.2"
"Seurat","5.0.1"
"SeuratObject","5.0.1"
"SeuratWrappers","0.3.5"
"shadowtext","0.1.2"
"shape","1.4.6"
"shiny","1.8.0"
"Signac","1.12.9004"
"SingleCellExperiment","1.22.0"
"slam","0.1.50"
"smoof","1.6.0.3"
"sna","2.7.2"
"sp","2.1.2"
"spam","2.10.0"
"SparseArray","1.2.4"
"SparseM","1.81"
"sparseMatrixStats","1.12.2"
"sparsesvd","0.2.2"
"spatstat.data","3.0.3"
"spatstat.explore","3.2.5"
"spatstat.geom","3.2.7"
"spatstat.random","3.2.2"
"spatstat.sparse","3.0.3"
"spatstat.utils","3.0.4"
"splines","4.3.1"
"statmod","1.5.0"
"statnet.common","4.9.0"
"stats","4.3.1"
"stats4","4.3.1"
"stringi","1.7.12"
"stringr","1.5.1"
"SummarizedExperiment","1.30.2"
"superpc","1.12"
"SuppDists","1.1.9.7"
"survAUC","1.3.0"
"survcomp","1.45.1"
"survival","3.5.7"
"survivalROC","1.0.3.1"
"survivalsvm","0.0.5"
"sva","3.48.0"
"tensor","1.5"
"tensorA","0.36.2.1"
"terra","1.7.55"
"testthat","3.2.1"
"TFBSTools","1.38.0"
"TFMPvalue","0.0.9"
"TH.data","1.1.2"
"tibble","3.2.1"
"tidydr","0.0.5"
"tidygraph","1.2.3"
"tidyr","1.3.0"
"tidyselect","1.2.0"
"tidytree","0.4.6"
"tidyverse","2.0.0"
"timechange","0.2.0"
"timeDate","4032.109"
"TMB","1.9.17"
"tools","4.3.1"
"treeio","1.25.4"
"tweenr","2.0.2"
"TxDb.Hsapiens.UCSC.hg19.knownGene","3.2.2"
"TxDb.Hsapiens.UCSC.hg38.knownGene","3.17.0"
"tzdb","0.4.0"
"UpSetR","1.4.0"
"urlchecker","1.0.1"
"usethis","2.2.2"
"utf8","1.2.4"
"utils","4.3.1"
"uwot","0.1.16"
"variancePartition","1.32.5"
"VariantAnnotation","1.48.1"
"vctrs","0.6.4"
"vegan","2.6.4"
"VGAM","1.1.9"
"vipor","0.4.5"
"viridis","0.6.4"
"viridisLite","0.4.2"
"visNetwork","2.1.2"
"withr","2.5.2"
"xfun","0.41"
"XML","3.99.0.16"
"xml2","1.3.6"
"xtable","1.8.4"
"XVector","0.40.0"
"yaml","2.3.8"
"yulab.utils","0.1.1"
"zip","2.3.0"
"zlibbioc","1.46.0"
"zoo","1.8.12"
